	Valence	Arousal	Dominance	Joy	Anger	Sadness	Fear	Disgust
English_ANEW_Stevenson	0.1093	0.0502	0.0066	0.1418	0.0222	0.0244	0.0464	0.0013
German_Schmidtke	0.154	0.0284	0.0082	0.0469	0.0147	0.0044	0.066	0.001
Polish_Imbir	0.121	0.0426	0.0035	0.0847	0.0186	0.0332	0.0262	0.0134
Spanish_Hinojosa	0.4954	0.0143	0.0059	0.1805	0.0358	0.013	0.0641	0.0017
Spanish_Redondo	0.0956	0.0384	0.013	0.1089	0.0199	0.0119	0.0583	0.0021
Average	0.19505999999999998	0.03478	0.0074399999999999996	0.11256	0.02224	0.01738	0.0522	0.0039

