	Valence	Arousal	Dominance
English	5.64623187915	0.32876050237	0.0231705467698
Spanish	7.00802800874	1.85027333669	1.5540823754
Polish			
German	0.227942124112		
