	Valence	Arousal	Dominance
English	8.20013068559e-09	0.371168359768	0.490757116285
Spanish	1.2084777623e-12	0.032137081801	0.0600823843344
Polish			
German	0.409845617147		
